-2,@ iamdiddy TODAY IS #nobitchassnessfriday GIVE A HATER A HUG!!!!! retweet
-2,gon have sum fun 2day bitches!!! dont worry min. i take lots of pics and photoshop u in2 them!!! LMAO!
-2,"shoot me up, Hoy! mmmm drowsy pain drugs"
-2,TODAY IS #nobitchassnessfriday GIVE A HATER A HUG!!!!! retweet
-2,@SM0KEAL0T puff puff give my BROTHER respect.
-2,did you know...if you use double sided tape to place Neodymium Magnets underneath your car you'll hit every green light.
-2,Not long till the lunchtime beer session begins
-2,"@FocusBlog I'm not cocksure, for sure."
-2,@hisart76 Nothing soothes a smoker like a cloud of 2nd-hand smoke.
-2,"@0Kerttu0 I wouldnt have drunk wine anyway, so Im not to blame for ur hangover.I didnt see point in coming,coz I didnt have enough time"
-2,haz got fired from her job. the funny thing is she works in her families pub. that's how amazingly cool she is
-2,"Thrice roll the dice, eat some ice, look at the mice, comb the lice, cook some rice cause I'm nice"
-2,@SeeLineWoman thanks for the #ff
-2,Mourning tweeps jus woke up 2 hear some good news!! Unemployment will b workin 4 me afterall! Yayy! Can't wait til I get a job!
-1,PICTURE PERFECT SKYS !!!!!!!!!!!!!!!!!!!!!!!! performed at our skoool .... they were AWESOME !!!!!!!!!!!!!!!!!!! &lt;33333333333
-1,@adriannayj WATCH SEX DRIVE
-1,kings r yet to come. but yall ready know u gon b on my list!!
-1,sat in 1st class having breakfast. hmm smoked salmon or full english ! there's just to much choice
-1,@velvet_grooves iPhone? Wait till ya get rdp/FTP on their and ya can fix client problems from the middle of a field
-1,http://bit.ly/3j14q found it on some dudes myspace. they hell outta time
-1,"Ja ang?iem ir The Prodigy - Firestarter, tad latvieï¿½iem - Zigm?ra Liepi?a - &quot;Es sak?ru ugunti?u&quot; (copyrights: Keny)"
-1,@wnwek : Agreed. I have being doing too much mallu bashing with the brilliant @rakeshkrishnan. So I decided to give it a rest for a bit.
-1,@dabitch welcome to the team... lol
-1,"Is going to Stone featherbrook tonight Tis me friends bifday Need u funky tie though.... hmmm, lets call the brother"
-1,@PatuxentPirates I like PLSANR! I'm saying PLSANR=correct response (CR).
-1,"@DesertTwitch arm is fine. No more physical therapy, unless you count bike riding"
-1,@obsalah wishing u the same.. Hope u r getting ready for tmw's trip
-1,"@Saracen5 Ok off to get a pool for the kids, gonna be a mental day!"
-1,@stevegummer Amanda was deported from the West Bank last night and is coming to Parliament tonight for a pint
-1,Time and stress management .....No am not naming a book this is the training I attended this week
-1,@shanedawson YAYAYYAYAYAY cant wait better be good *shakes fist*
-1,hi sarahhh hope you found me already xx
-1,ONLY just woke up I was SOOO TIRED getting ready to hit the BUDE and see my gorgeous little boy 4 Hour Drive Not LOL laters potatas x
-1,going to home....from work...without doing any work
-1,Couldn't think of a haiku for the Google Wave team so left it blank. hope this doesn't effect my application
-1,"@narvylicious Yeah, I'm doing my mechdraw hw now. What time tomorrow? Bea has a game in Polo Club and I want to pass by. Hihi"
-1,"At school i was getting people bags, turning them inside out then shoving all the stuff back in then zipping them back up"
-1,going to cinda's sooonnnnnnn
-1,Oh how I loved the Extra intw!!! I &lt;3 em boys!
-1,Aww my little fella just told me he loves me - and then wiped his snotty nose all over my top! bless him
-1,LOL @ the guy at Darling Harbour today. And the poor kid who had to throw the things to him and missed almost every shot. Fun day
-1,@Neptune62 make mine a large one!
-1,@nothingelseis whats with the one liners? your the lover of words! justify your #followfriday sweep us off our feet with your talent
-1,@shaundiviney@shaunjumpnow whoa... disturbing stuff
-1,"Is off work sick, but had a facebook message this morning and is a lot happier now"
-1,@Kanaweira it's my mission on life but it's sweet to get on my last day on job is a sign? spooooook
-1,@AmandaON1063 lol dont be JEALOUS amanda...you're MY morning glory
-1,Just landed back on Earth ;) Recovering from his meeting with JMJ
-1,@lionundlamb read the twiligt series once more thats what i do if I'm bored. or read 'Der Geschmack Von Apfelkernen' that rockz!
0,im thinking...i need a coffee to wake me up now lol
0,@wetaworkshop where's your forum post for me to respond to? URL...
0,Reminder: Watch Older Low Quality Youtube Videos in HQ ! How?... Just simply add &quot;&amp;fmt=18&quot; to the end of the video's URL
0,Sam &amp; Dave Design is now on twitter
0,#followfriday - I nominate my workmate @berwickbandit - because he can name all past &amp; present members of Bucks Fizz
0,#dpcampswe09 http://twitpic.com/669nv
0,@kirstyrawrr haha they will be jealous forever! @andyclemmensen your the most jealous
0,shares my Multiply site: http://daynasor.multiply.com
0,@TomMughal Best be
0,@aneelyn I'm exercising
0,On my way to the city for some lights and a room. I can make anything sound boring
0,@georgiamarbles Your aprons are great!
0,"15mins to knock off time! Yeah! I'm very excited for S.O.S. later! See ya guys, all those who are going to S.O.S. later!"
0,Watching http://bit.ly/16Mm0H about #google #wave. Looks good. Now can I have nice android phone please?
0,Off for some martial arts xx
0,"My clock off? Local time is 5:44pm, fyi."
0,Just arrived in Paris. ADORABLE hotel room. Surprise bouquet of flowers on the desk for me
0,... and finally I have correct colors on my screen Yeah
0,"@gawd0r Life and the changing ways you choose to respond to it, I guess"
0,"@Coryishida bad, i woke up at 6 cuz i thought i overslept and i couldnt go back to sleep lol buti got a nap in later"
0,@gellyfish
0,http://bit.ly/XIRXU Fancy having some fun in the UK sun this weekend?
0,@Emily_Webgains you should try a pain-au-chocolat from @albionsoven it's almost the same size as a cow. Just ask the guys @stinkdigital
0,@nzclothnappy heh no don't have the ingredients it sounds good though
0,@Cezabel Welcome sis
0,tonight was off the hook! another adventure to put in the books! love you baby b &amp; eddie pep
0,TAFE was heaps good today
0,Dapperen@jinormous yes it took a while to join but it's fun! By the way the wishes i get for the wish tree are hilarious
0,"@RooleyMoor but if someone told you there was sun, sea and surf there wouldn't you be a little intrigued? I would"
0,"@anthonyvoevodin Aaaaah Well, I'll follow you and that'll sort it"
0,"@PaulaCoMayo that looks good, enjoy it Don't forget to tune into the FA Cup tomorrow ;)"
0,@marianpatricia Thanks marian!
0,is going to try to stay awake for david/ellen tonight
0,@Pink This town is in love with you Enjoy! See you soon
0,"yeah, june come soon! Cant wait, cant wait! I hope i can pass everything happily"
0,Someone just jumped in the Maas LOL - http://mobypicture.com/?zatoek
0,"@melanietaylor01 yeah, going to Newcastle xx"
0,"@PsychicPeacock It is scone weather like, are you having them with cream and jam? I could do with some now like"
0,has started his quest for world domination by studying how to use a microwave oven
0,"@yelyahwilliams i've been readin' your LJ forever =] and i know you are really you, 'mrs. hayley timberlake'"
0,waiting for sam... see you tomorrow @Sarahhlouisee
0,"@tangero super, aspon to uz nemusim pisat ja doporucil by som tam este linknut toto http://is.gd/ITJ5"
0,@personified i hate when that happens
0,at kenneth copeland tonight! sooo good!!
0,"p.s. &quot;i LOVE youuuu, hyunjoong. ?&quot;"
0,"Hi! I'm playing cards, are you?"
0,@georgesampson and on gmtv this morning. you are so sweet! i cant wait to see you on tour in glasgow hope your exams go well x
0,"Hottop is online in Austin, Texas and Looking for Friends, Fun &amp; Maybe more. - http://bit.ly/JTg7D"
0,Hatching Pete on the 7th! Can't wait..
0,"@simonapps Everything takes time to load today, I could do the climb quicker"
0,@skrobertson Be Back In Fivee Maybe Ten
0,just moved in..hello Twitter
0,just had my first driving lesson woo!
0,"Gloomy and raining in Ottawa, for third day running. Glad it is Friday"
0,"@Amanda_Holden good luck with the judging, love the way you appreciate each performance"
0,Morning everyone! I'm on E4 tonight at 10pm
0,@EarthlingsBaby evening I love ecomoon!
0,I wanna watch the movie UP! ... &amp; ... I wanna go to six flags!! Let's go yes?
0,says mandaluyong boni is already passable http://plurk.com/p/wytnd
0,@AlcoholicCheese its hot
0,Night everyone and goodmorning when you wake up and reas this
0,"@fabienthomas I bought it yesterday, so I guess I will see about that in the coming days!"
0,"@random_bloke I know,I don't usually do lie-ins."
0,Julien is EPIC. @sammie_doodle Oh noez! 0_o I hope it works soon!
0,@sofiagk Yeap!
0,@sabbymcguire yupp. pink and sliver crystals just like Xiaxue's
0,"@perky88 you're not an idiot, girl"
0,@minshdotnet one fish to go please
0,"@PunkRockSonja Thanks for the tip - just added her. Had a look, and she seems even more awesome than I thought."
0,@lilyna grocery shopping whilst hungry is a no no. smoked salmon..even if im a vegetarian is yummy. no doubt about it! hope ur settled.
0,Finally home! Sooo thankful for my own bed.
0,"@nessie_111 woohoo, good friday for you then"
0,Are You ready for 2 june holiday ?
0,Power vote for @DavidArchie here! http://bit.ly/PmvRY He's on page 4
0,"goodnight twitter world!! its been a day of highs and lows.. oh my. But anywho, GRATS MIM, twas a great episode"
0,"New rules say 1 #followfriday &quot;pimping&quot; per tweet. So this week I'm going for @beansbox , great Web design studio in HK"
0,"@Owais_Iqbal www.angelafrance.com &lt;&lt; alll about me if you so should choose, to like to read about me.."
0,"@paulocoelho Nice to know you, Sir. My friends are admiring you and your works."
0,@snowydayinjuly thanks man! should be out later today
0,lol... in that case.... every1 follow @Graciouskisay
0,@IdolNews he could so do both! He'll be great either way
0,"That was fun. Just got back from seeing the bands Krome &amp; Chasing Satellites at The Queen's Hotel. Tasty beverages, music n' dancing."
0,@DENISE_RICHARDS pretty cool
0,"@BbIDPA works in IE now, but gives straight lines instead of the route. I guess it's not how it's supposed to be"
0,Listening to Alexander Ryback's new album on MySpace: http://www.myspace.com/alexanderryback Quite enjoying it
0,Last day of school! and discovered new favorite band 3 oh! 3
0,@FillmoreRich3 @DEO415 @SimonaSpeaks @SamSneaker @ms211nla @OhSoSexy730 @msfamous @echohattix What's goin' zone early AM crew?
0,@brexians Oooh ! thx for the #followfriday !
0,"@rampok (Did they ever? I hope they don't currently, moonlight is the only choice, and it doesn't support latest feature afaik."
0,Is it wrong to love your PC? It's a precious thing.
0,"@MishonRatliff93 WOW dat must be fun -I love acting too, im just wating got a chance to do sumthing big- U a good actor too"
0,@icklemonkey Thanks It may be hard to get into though :S
0,"@Nadia_Fly thats 2words of really, and thats obviously tired. keep cool. afta event,hv some rest then, miss"
0,"@Ceebzx done know ... there was a few funny parts, and nick was beeing a bit more happy !!! lol when joe was huging nick ...."
0,I just got my @jonasbrothers tickets in the mail today!! im soo excited to be in the front row!!
0,"Wooooow, next Jonas Brothers webcast at at 5pm til 6pm, hopefully i wnt fall asleep"
0,I'm in the rain. Thanks @taylorswift13.
0,thankyou @vivala_hayley @Laurenn__Nicole @_Jayde_Jonas_ for keeping me awake all day. love you all so dearly much
0,@mcsteph94 awwwwwww! he's such a cutie!
0,"&quot;Up&quot; was the first truly great narrative of 2009! Star Trek was fun, but Up grabbed the heart strings and didn't let go until the end #up"
0,"*runs off to try it* ....... Night Y'all, sweetest dreams to you. (yeah, YOU)"
0,1 2 3 4 - Plain White T's Just love this song
0,"@artfanatic411 Now that's an idea, never thought about that. Thanks"
0,@Dorkus_ voted for both
0,@raytoro lol it's good to hear your voice xp Omg so happy for Gee &amp; lynZ you're like Uncle Ray now
0,Trying a hard-case for blackberry. Hm..this is nice.
0,awesooooome weather
0,@allyOliverio lmao you're a typical italain Bring me sooooome!
0,Hotel rooms got a telly in the bathroom
0,@RightAsRain Love your shop on Etsy...lots of great products in there!
0,"@DerBart right now they have &quot;Lancï¿½me Men 2 in 1 set - Age Fight!&quot;, sounds like the perfect thing for you http://tinyurl.com/7z6mqh"
0,"Been out in the garden killing weeds, really hot! Going for a blast on the bike now"
0,@romannsjr I'm blushing. OK RUNNING not walking to it now.
0,Wckdcll .. Well I aint talkin to anyone now im busy finish the bathroom
0,has a @topherrpop at my house @vajayjay @liamsp @alexthemagix be jealous
0,@StephanieOlsen @aemm2005 Yayayayay! Excited for tonight!!! See you girls soon!
0,twitter twitter twitter twitter on the beach
0,@MTVDanceOff who's this? thanks for following tho...lol
0,"1,2,3,4 - Plain white T's"
0,@_MikeNewton_ sounds like fun watch out for bears and other wild life though ha
0,@saschasegan You tell us. You're the expert!
0,@yonaa I'm on bus now. He lives in that bus. Depends
0,@maryviolet i think she should of have you had an icce cream ???
0,Getting Saffron's phone 2day &amp; going to see star tek
0,@loumongello OMG this video was awesome-the quality was amazing and it was so entertaining-&quot;you can't touch this &quot; video thanks lou
1,"watch this, i likeee! http://bit.ly/SzDVi"
1,@donniewahlberg hii donnie hope your doing good love ya and cant wait till summer tour
1,looking forward to sitting out in the garden for lunch at a friends house
1,@melodybell hahaha yes i know and i'd would be graduating with you but im next year im quite nervous though haha :l. life goes to fast!
1,@DanFYpuhpx Thanks for following
1,@Splend I know that one! Have a good Friday
1,In the studio being paid to write banging electro tunes. Sun is shining and my awesome wife is baking cookies. Some days just rock
1,I like honest heart to heart conversations with you
1,"@AndyMacMusic see, told you your Thursdays were gonna improve."
1,Friday Feeling!! Enjoying the sun!!
1,"@MKCComm Hello there MKC Communications, happy Friday. Thanks for following"
1,@lilacbutterfly ty for the follow hope you are well
1,@Fearnecotton stay positive - at least its not a hold (head cold) or a chold (chest cold)
1,"@lmcnelly a better film? Even in two weeks?! Great art is never finished, it is abandoned. Know when to stop and lock"
1,"someday, when I become famous I'll be quoting lyrics of my own songs."
1,"I am gone, have to go to my connect group! Adios amigos, remember you were born to be a champion, so be &amp; act like one!"
1,Welcome baby Maybel http://twitpic.com/669oz
1,Working on my tutorial and cooking food for Kyan and keeping an eye on him while he is playing
1,@KimSherrell thanks kim so nice of you
1,Off to home in about 20minutes.. Happy weekends.
1,making you smile is the highlight of my day!
1,Eating a pop tart x
1,never knew places in england were this lovely
1,"Hey @DavidArchie, We miss you here in the Philippines. BADLY! hahaha, do you have any message to your fans here? Are you coming back?"
1,@lovebscott b.scott you look amazing in your background picture! hope everythings going great with you
1,@jimmycarr Another accolade to put down on the old CV Bet no-one else has done that!
1,@WEGMusic I'm interested in working for your company. What would I need to do to submit my resume/cover letter to you? Thank you!
2,Just purchased my first stocks! yay
2,"anyone in the UK good at proof reading, and even writing, CVs/resumes? Just need someone to read over mine."
2,"today: math, applications, resume, cover letter, math done!"
2,@kayden_kross Oh Kayden I wish you'd join your pals in helping with my charity auction. I don't want you to feel left out
2,I have to be up by 5 am to get ready for the 4 mile run for charity over the Coronado Bay Bridge tomorrow.
2,"am wondering... what kind of causes/charity i can help, even though i have limited resources.."
2,One week until Race for the Cure! Please donate if you're able http://bit.ly/UFR1U and wish me luck on my 5 mile training run tomorrow
2,@ianderthal I so wanted to create a banner that said Spacewalk Detroit supports Susan G Komen Race For the Cure... no time or flyers
2,Just realized Race For the Cure is June 7th! All signed up for my Mom's team We're only $85 short of our goal!